,id,labels
0,20800,0
1,20801,1
2,20802,1
3,20803,0
4,20804,1
5,20805,1
6,20806,0
7,20807,1
8,20808,1
9,20809,1
10,20810,1
11,20811,1
12,20812,1
13,20813,1
14,20814,1
15,20815,0
16,20816,0
17,20817,0
18,20818,1
19,20819,0
20,20820,1
21,20821,1
22,20822,1
23,20823,1
24,20824,1
25,20825,0
26,20826,1
27,20827,0
28,20828,0
29,20829,1
30,20830,0
31,20831,1
32,20832,0
33,20833,0
34,20834,1
35,20835,0
36,20836,0
37,20837,1
38,20838,1
39,20839,0
40,20840,0
41,20841,0
42,20842,1
43,20843,0
44,20844,0
45,20845,1
46,20846,0
47,20847,0
48,20848,1
49,20849,1
50,20850,0
51,20851,1
52,20852,0
53,20853,1
54,20854,1
55,20855,0
56,20856,1
57,20857,0
58,20858,0
59,20859,0
60,20860,1
61,20861,1
62,20862,1
63,20863,0
64,20864,1
65,20865,1
66,20866,1
67,20867,1
68,20868,1
69,20869,0
70,20870,1
71,20871,1
72,20872,1
73,20873,0
74,20874,0
75,20875,1
76,20876,0
77,20877,0
78,20878,1
79,20879,0
80,20880,0
81,20881,1
82,20882,0
83,20883,1
84,20884,1
85,20885,1
86,20886,0
87,20887,0
88,20888,0
89,20889,0
90,20890,1
91,20891,0
92,20892,0
93,20893,1
94,20894,1
95,20895,0
96,20896,0
97,20897,0
98,20898,1
99,20899,1
100,20900,0
101,20901,1
102,20902,0
103,20903,0
104,20904,0
105,20905,0
106,20906,1
107,20907,0
108,20908,1
109,20909,1
110,20910,1
111,20911,1
112,20912,0
113,20913,0
114,20914,0
115,20915,0
116,20916,0
117,20917,1
118,20918,0
119,20919,1
120,20920,0
121,20921,0
122,20922,1
123,20923,0
124,20924,0
125,20925,1
126,20926,1
127,20927,0
128,20928,1
129,20929,0
130,20930,1
131,20931,0
132,20932,1
133,20933,0
134,20934,0
135,20935,0
136,20936,0
137,20937,1
138,20938,1
139,20939,1
140,20940,1
141,20941,0
142,20942,1
143,20943,1
144,20944,1
145,20945,0
146,20946,1
147,20947,1
148,20948,0
149,20949,0
150,20950,1
151,20951,1
152,20952,0
153,20953,1
154,20954,0
155,20955,1
156,20956,0
157,20957,1
158,20958,1
159,20959,1
160,20960,1
161,20961,1
162,20962,1
163,20963,1
164,20964,0
165,20965,1
166,20966,0
167,20967,1
168,20968,1
169,20969,0
170,20970,0
171,20971,0
172,20972,0
173,20973,1
174,20974,0
175,20975,0
176,20976,0
177,20977,0
178,20978,0
179,20979,0
180,20980,0
181,20981,0
182,20982,0
183,20983,1
184,20984,0
185,20985,1
186,20986,1
187,20987,0
188,20988,1
189,20989,0
190,20990,1
191,20991,0
192,20992,0
193,20993,0
194,20994,1
195,20995,1
196,20996,1
197,20997,1
198,20998,1
199,20999,0
200,21000,0
201,21001,1
202,21002,0
203,21003,1
204,21004,0
205,21005,1
206,21006,1
207,21007,1
208,21008,0
209,21009,1
210,21010,0
211,21011,1
212,21012,0
213,21013,0
214,21014,1
215,21015,1
216,21016,1
217,21017,0
218,21018,0
219,21019,1
220,21020,0
221,21021,1
222,21022,0
223,21023,0
224,21024,0
225,21025,1
226,21026,1
227,21027,1
228,21028,0
229,21029,0
230,21030,0
231,21031,0
232,21032,1
233,21033,1
234,21034,1
235,21035,1
236,21036,1
237,21037,1
238,21038,1
239,21039,0
240,21040,1
241,21041,1
242,21042,0
243,21043,1
244,21044,1
245,21045,0
246,21046,0
247,21047,1
248,21048,0
249,21049,1
250,21050,1
251,21051,1
252,21052,1
253,21053,0
254,21054,1
255,21055,0
256,21056,0
257,21057,1
258,21058,1
259,21059,1
260,21060,0
261,21061,1
262,21062,1
263,21063,0
264,21064,1
265,21065,1
266,21066,1
267,21067,1
268,21068,0
269,21069,1
270,21070,0
271,21071,1
272,21072,1
273,21073,1
274,21074,0
275,21075,0
276,21076,0
277,21077,0
278,21078,0
279,21079,1
280,21080,1
281,21081,1
282,21082,0
283,21083,1
284,21084,1
285,21085,0
286,21086,0
287,21087,1
288,21088,0
289,21089,1
290,21090,0
291,21091,1
292,21092,0
293,21093,1
294,21094,1
295,21095,1
296,21096,1
297,21097,1
298,21098,1
299,21099,0
300,21100,0
301,21101,0
302,21102,1
303,21103,1
304,21104,1
305,21105,0
306,21106,1
307,21107,1
308,21108,0
309,21109,0
310,21110,0
311,21111,1
312,21112,1
313,21113,0
314,21114,0
315,21115,1
316,21116,0
317,21117,1
318,21118,0
319,21119,1
320,21120,0
321,21121,0
322,21122,0
323,21123,1
324,21124,0
325,21125,1
326,21126,1
327,21127,0
328,21128,0
329,21129,1
330,21130,1
331,21131,0
332,21132,1
333,21133,1
334,21134,0
335,21135,1
336,21136,1
337,21137,0
338,21138,0
339,21139,0
340,21140,1
341,21141,0
342,21142,1
343,21143,0
344,21144,1
345,21145,0
346,21146,1
347,21147,1
348,21148,0
349,21149,1
350,21150,0
351,21151,0
352,21152,1
353,21153,1
354,21154,0
355,21155,1
356,21156,0
357,21157,1
358,21158,0
359,21159,0
360,21160,1
361,21161,1
362,21162,1
363,21163,1
364,21164,1
365,21165,0
366,21166,1
367,21167,1
368,21168,1
369,21169,0
370,21170,0
371,21171,1
372,21172,0
373,21173,0
374,21174,1
375,21175,0
376,21176,1
377,21177,1
378,21178,0
379,21179,0
380,21180,0
381,21181,1
382,21182,1
383,21183,0
384,21184,1
385,21185,1
386,21186,1
387,21187,1
388,21188,0
389,21189,0
390,21190,1
391,21191,1
392,21192,1
393,21193,1
394,21194,0
395,21195,1
396,21196,1
397,21197,0
398,21198,0
399,21199,0
400,21200,0
401,21201,0
402,21202,0
403,21203,0
404,21204,1
405,21205,0
406,21206,0
407,21207,0
408,21208,0
409,21209,0
410,21210,1
411,21211,0
412,21212,1
413,21213,0
414,21214,0
415,21215,0
416,21216,0
417,21217,0
418,21218,0
419,21219,0
420,21220,0
421,21221,0
422,21222,1
423,21223,0
424,21224,1
425,21225,1
426,21226,0
427,21227,1
428,21228,0
429,21229,0
430,21230,0
431,21231,1
432,21232,0
433,21233,1
434,21234,0
435,21235,0
436,21236,0
437,21237,1
438,21238,1
439,21239,0
440,21240,1
441,21241,0
442,21242,1
443,21243,0
444,21244,0
445,21245,0
446,21246,0
447,21247,1
448,21248,0
449,21249,0
450,21250,1
451,21251,1
452,21252,1
453,21253,1
454,21254,0
455,21255,0
456,21256,0
457,21257,0
458,21258,1
459,21259,0
460,21260,0
461,21261,0
462,21262,0
463,21263,0
464,21264,0
465,21265,0
466,21266,0
467,21267,0
468,21268,0
469,21269,0
470,21270,1
471,21271,0
472,21272,0
473,21273,0
474,21274,1
475,21275,0
476,21276,1
477,21277,1
478,21278,0
479,21279,1
480,21280,1
481,21281,0
482,21282,1
483,21283,0
484,21284,0
485,21285,0
486,21286,1
487,21287,1
488,21288,0
489,21289,0
490,21290,0
491,21291,0
492,21292,0
493,21293,1
494,21294,0
495,21295,0
496,21296,0
497,21297,1
498,21298,1
499,21299,1
500,21300,1
501,21301,0
502,21302,0
503,21303,0
504,21304,1
505,21305,1
506,21306,0
507,21307,0
508,21308,0
509,21309,0
510,21310,1
511,21311,1
512,21312,1
513,21313,0
514,21314,0
515,21315,1
516,21316,1
517,21317,0
518,21318,0
519,21319,0
520,21320,0
521,21321,0
522,21322,1
523,21323,1
524,21324,0
525,21325,1
526,21326,0
527,21327,0
528,21328,1
529,21329,1
530,21330,1
531,21331,1
532,21332,1
533,21333,1
534,21334,1
535,21335,0
536,21336,1
537,21337,0
538,21338,1
539,21339,1
540,21340,1
541,21341,1
542,21342,1
543,21343,0
544,21344,0
545,21345,1
546,21346,0
547,21347,0
548,21348,1
549,21349,0
550,21350,0
551,21351,1
552,21352,0
553,21353,1
554,21354,1
555,21355,0
556,21356,1
557,21357,0
558,21358,0
559,21359,1
560,21360,0
561,21361,1
562,21362,0
563,21363,0
564,21364,1
565,21365,1
566,21366,0
567,21367,1
568,21368,1
569,21369,0
570,21370,1
571,21371,0
572,21372,1
573,21373,0
574,21374,0
575,21375,0
576,21376,0
577,21377,1
578,21378,0
579,21379,0
580,21380,0
581,21381,0
582,21382,1
583,21383,1
584,21384,0
585,21385,1
586,21386,1
587,21387,1
588,21388,0
589,21390,1
590,21391,1
591,21392,0
592,21393,0
593,21394,0
594,21395,0
595,21396,0
596,21397,0
597,21398,0
598,21399,0
599,21400,1
600,21401,0
601,21402,1
602,21403,1
603,21404,0
604,21405,0
605,21406,0
606,21407,1
607,21408,0
608,21409,0
609,21410,1
610,21411,1
611,21412,0
612,21413,0
613,21414,0
614,21415,1
615,21416,1
616,21417,0
617,21418,0
618,21419,1
619,21420,1
620,21421,0
621,21422,1
622,21423,0
623,21424,0
624,21425,0
625,21427,0
626,21428,1
627,21429,0
628,21430,0
629,21431,1
630,21432,0
631,21433,1
632,21434,1
633,21435,0
634,21436,0
635,21437,1
636,21438,0
637,21439,1
638,21440,0
639,21441,1
640,21442,1
641,21443,1
642,21444,0
643,21445,1
644,21446,1
645,21447,0
646,21448,1
647,21449,0
648,21450,1
649,21451,1
650,21452,0
651,21453,1
652,21454,0
653,21455,1
654,21456,0
655,21457,1
656,21458,0
657,21459,0
658,21460,1
659,21461,1
660,21462,0
661,21463,1
662,21464,0
663,21465,0
664,21466,0
665,21467,0
666,21468,1
667,21469,0
668,21470,0
669,21471,1
670,21472,0
671,21473,0
672,21474,0
673,21475,0
674,21476,1
675,21477,1
676,21478,0
677,21479,1
678,21480,1
679,21481,0
680,21482,1
681,21483,0
682,21484,0
683,21485,1
684,21486,0
685,21487,1
686,21488,1
687,21489,0
688,21490,0
689,21491,0
690,21492,1
691,21493,1
692,21494,0
693,21495,0
694,21496,1
695,21497,0
696,21498,1
697,21499,0
698,21500,0
699,21501,0
700,21502,0
701,21503,1
702,21504,1
703,21505,1
704,21506,1
705,21507,0
706,21508,0
707,21509,0
708,21510,0
709,21511,1
710,21512,0
711,21513,1
712,21514,0
713,21515,0
714,21516,1
715,21517,1
716,21518,0
717,21519,0
718,21520,1
719,21521,0
720,21522,1
721,21523,1
722,21524,1
723,21525,0
724,21526,0
725,21527,0
726,21528,1
727,21529,0
728,21530,0
729,21531,0
730,21532,0
731,21533,0
732,21534,0
733,21535,0
734,21536,0
735,21537,1
736,21538,1
737,21539,0
738,21540,1
739,21541,1
740,21542,0
741,21543,0
742,21544,1
743,21545,0
744,21546,0
745,21547,0
746,21548,0
747,21549,0
748,21550,1
749,21551,1
750,21552,1
751,21553,1
752,21554,0
753,21555,1
754,21556,0
755,21557,0
756,21558,1
757,21559,1
758,21560,0
759,21561,0
760,21562,0
761,21563,0
762,21564,1
763,21565,1
764,21566,0
765,21567,1
766,21568,0
767,21569,0
768,21570,1
769,21571,1
770,21572,0
771,21573,1
772,21574,0
773,21575,0
774,21576,0
775,21577,1
776,21578,1
777,21579,1
778,21580,1
779,21581,1
780,21582,1
781,21583,1
782,21584,1
783,21585,1
784,21586,0
785,21587,0
786,21588,0
787,21589,0
788,21590,0
789,21591,0
790,21592,0
791,21593,1
792,21594,1
793,21595,0
794,21596,0
795,21597,1
796,21598,0
797,21599,0
798,21600,0
799,21601,0
800,21602,1
801,21603,1
802,21604,0
803,21605,0
804,21606,0
805,21607,1
806,21608,0
807,21609,1
808,21610,1
809,21611,1
810,21612,1
811,21613,0
812,21614,1
813,21615,0
814,21616,0
815,21617,0
816,21618,1
817,21619,0
818,21620,0
819,21621,1
820,21622,0
821,21623,1
822,21624,1
823,21625,0
824,21626,0
825,21627,1
826,21628,1
827,21629,1
828,21630,0
829,21631,1
830,21632,0
831,21633,1
832,21634,0
833,21635,1
834,21636,0
835,21637,1
836,21638,1
837,21639,1
838,21640,1
839,21641,1
840,21642,0
841,21643,0
842,21644,0
843,21645,1
844,21646,0
845,21647,0
846,21648,0
847,21649,1
848,21650,1
849,21651,1
850,21652,1
851,21653,0
852,21654,1
853,21655,0
854,21656,1
855,21657,1
856,21658,1
857,21659,0
858,21660,0
859,21661,1
860,21662,0
861,21663,1
862,21664,0
863,21665,1
864,21666,0
865,21667,1
866,21668,1
867,21669,0
868,21670,1
869,21671,0
870,21672,0
871,21673,1
872,21674,0
873,21675,0
874,21676,0
875,21677,1
876,21678,1
877,21679,0
878,21680,0
879,21681,1
880,21682,1
881,21683,1
882,21684,1
883,21685,1
884,21686,1
885,21687,1
886,21688,1
887,21689,1
888,21690,1
889,21691,0
890,21692,1
891,21693,0
892,21694,0
893,21695,1
894,21696,0
895,21697,0
896,21698,0
897,21699,1
898,21700,1
899,21701,0
900,21702,0
901,21703,0
902,21704,0
903,21705,1
904,21706,0
905,21707,1
906,21708,1
907,21709,1
908,21710,0
909,21711,0
910,21712,1
911,21713,1
912,21714,1
913,21715,1
914,21716,0
915,21717,0
916,21718,1
917,21719,0
918,21720,0
919,21721,0
920,21722,1
921,21723,1
922,21724,0
923,21725,1
924,21726,1
925,21727,0
926,21728,0
927,21729,1
928,21730,1
929,21731,0
930,21732,1
931,21733,1
932,21734,0
933,21735,1
934,21736,0
935,21737,0
936,21738,1
937,21739,0
938,21740,1
939,21741,1
940,21742,1
941,21743,1
942,21744,1
943,21745,0
944,21746,1
945,21747,1
946,21748,1
947,21749,1
948,21750,1
949,21751,0
950,21752,0
951,21753,1
952,21754,0
953,21755,0
954,21756,1
955,21757,1
956,21758,0
957,21759,0
958,21760,1
959,21761,0
960,21762,1
961,21763,1
962,21764,0
963,21765,1
964,21766,1
965,21767,0
966,21768,0
967,21769,1
968,21770,0
969,21771,0
970,21772,0
971,21773,0
972,21774,1
973,21775,0
974,21776,0
975,21777,0
976,21779,0
977,21780,0
978,21781,0
979,21782,1
980,21783,1
981,21784,1
982,21785,1
983,21786,0
984,21787,0
985,21788,0
986,21789,1
987,21790,1
988,21791,0
989,21792,0
990,21793,0
991,21794,1
992,21795,0
993,21796,1
994,21797,0
995,21798,1
996,21799,0
997,21800,0
998,21801,1
999,21802,1
1000,21803,1
1001,21804,0
1002,21805,0
1003,21806,0
1004,21807,1
1005,21808,1
1006,21809,1
1007,21810,1
1008,21811,1
1009,21812,0
1010,21813,0
1011,21814,1
1012,21815,0
1013,21816,1
1014,21817,0
1015,21818,1
1016,21819,0
1017,21820,0
1018,21821,1
1019,21822,0
1020,21823,0
1021,21824,1
1022,21825,0
1023,21826,1
1024,21827,1
1025,21828,1
1026,21829,1
1027,21830,1
1028,21831,1
1029,21832,1
1030,21833,1
1031,21834,1
1032,21835,1
1033,21836,0
1034,21837,1
1035,21838,0
1036,21839,1
1037,21840,1
1038,21841,1
1039,21842,0
1040,21843,0
1041,21844,1
1042,21845,0
1043,21846,0
1044,21847,1
1045,21848,1
1046,21849,1
1047,21850,1
1048,21851,0
1049,21852,0
1050,21853,1
1051,21854,1
1052,21855,1
1053,21856,0
1054,21857,1
1055,21858,0
1056,21859,0
1057,21860,0
1058,21861,1
1059,21862,1
1060,21863,1
1061,21864,0
1062,21865,1
1063,21866,1
1064,21867,0
1065,21868,0
1066,21869,1
1067,21870,1
1068,21871,0
1069,21872,0
1070,21873,1
1071,21874,1
1072,21875,1
1073,21876,0
1074,21877,0
1075,21878,1
1076,21879,1
1077,21880,0
1078,21881,1
1079,21882,1
1080,21883,0
1081,21884,1
1082,21885,0
1083,21886,0
1084,21887,0
1085,21888,1
1086,21889,0
1087,21890,1
1088,21891,0
1089,21892,0
1090,21893,0
1091,21894,0
1092,21895,1
1093,21896,1
1094,21897,0
1095,21898,0
1096,21899,1
1097,21900,0
1098,21901,1
1099,21902,1
1100,21903,1
1101,21904,1
1102,21905,1
1103,21906,1
1104,21907,1
1105,21908,1
1106,21909,0
1107,21910,1
1108,21911,0
1109,21912,0
1110,21913,0
1111,21914,1
1112,21915,1
1113,21916,1
1114,21917,0
1115,21918,0
1116,21919,0
1117,21920,0
1118,21921,1
1119,21922,0
1120,21923,0
1121,21924,0
1122,21925,1
1123,21926,0
1124,21927,1
1125,21928,1
1126,21929,1
1127,21930,1
1128,21931,1
1129,21932,1
1130,21933,1
1131,21934,1
1132,21935,0
1133,21936,1
1134,21937,1
1135,21938,1
1136,21939,1
1137,21940,1
1138,21941,0
1139,21942,0
1140,21943,1
1141,21944,1
1142,21945,1
1143,21946,1
1144,21947,1
1145,21948,0
1146,21949,0
1147,21950,1
1148,21951,1
1149,21952,1
1150,21953,0
1151,21954,1
1152,21955,1
1153,21956,0
1154,21957,1
1155,21958,0
1156,21959,0
1157,21960,1
1158,21961,0
1159,21962,0
1160,21963,0
1161,21964,0
1162,21965,0
1163,21966,1
1164,21967,0
1165,21968,1
1166,21969,1
1167,21970,0
1168,21971,1
1169,21972,0
1170,21973,0
1171,21974,1
1172,21975,1
1173,21976,1
1174,21977,0
1175,21978,1
1176,21979,0
1177,21980,0
1178,21981,1
1179,21982,0
1180,21983,0
1181,21984,1
1182,21985,1
1183,21986,0
1184,21987,1
1185,21988,0
1186,21989,0
1187,21990,1
1188,21991,0
1189,21992,1
1190,21993,1
1191,21994,1
1192,21995,1
1193,21996,0
1194,21997,0
1195,21998,0
1196,21999,0
1197,22000,0
1198,22001,1
1199,22002,0
1200,22003,1
1201,22004,1
1202,22005,1
1203,22006,1
1204,22007,0
1205,22008,0
1206,22009,0
1207,22010,0
1208,22011,1
1209,22012,0
1210,22013,0
1211,22014,0
1212,22015,0
1213,22016,0
1214,22017,0
1215,22018,0
1216,22019,1
1217,22020,1
1218,22021,1
1219,22022,0
1220,22023,1
1221,22024,0
1222,22025,0
1223,22026,1
1224,22027,1
1225,22028,0
1226,22029,1
1227,22030,1
1228,22031,1
1229,22032,0
1230,22033,1
1231,22034,1
1232,22035,0
1233,22036,0
1234,22037,0
1235,22038,1
1236,22039,0
1237,22040,0
1238,22041,1
1239,22042,1
1240,22043,0
1241,22044,0
1242,22045,1
1243,22046,1
1244,22047,0
1245,22048,1
1246,22049,1
1247,22050,0
1248,22051,0
1249,22052,0
1250,22053,0
1251,22054,1
1252,22055,1
1253,22056,1
1254,22057,1
1255,22058,1
1256,22059,1
1257,22060,0
1258,22061,1
1259,22062,1
1260,22063,0
1261,22064,0
1262,22065,1
1263,22066,1
1264,22067,0
1265,22068,1
1266,22069,1
1267,22070,1
1268,22071,1
1269,22072,1
1270,22073,0
1271,22074,1
1272,22075,0
1273,22076,0
1274,22077,0
1275,22078,0
1276,22079,0
1277,22080,0
1278,22081,1
1279,22082,0
1280,22083,0
1281,22084,0
1282,22085,1
1283,22086,1
1284,22087,1
1285,22088,0
1286,22089,1
1287,22090,1
1288,22091,0
1289,22092,1
1290,22093,1
1291,22094,0
1292,22095,0
1293,22096,1
1294,22097,0
1295,22098,0
1296,22099,0
1297,22100,0
1298,22101,0
1299,22102,1
1300,22103,0
1301,22104,1
1302,22105,0
1303,22106,0
1304,22107,0
1305,22108,1
1306,22109,0
1307,22110,1
1308,22111,1
1309,22112,1
1310,22113,1
1311,22114,0
1312,22115,1
1313,22116,0
1314,22117,0
1315,22118,0
1316,22119,0
1317,22120,1
1318,22121,1
1319,22122,1
1320,22123,0
1321,22124,1
1322,22125,0
1323,22126,1
1324,22127,1
1325,22128,0
1326,22129,0
1327,22130,1
1328,22131,1
1329,22132,0
1330,22133,1
1331,22134,0
1332,22135,0
1333,22136,0
1334,22137,0
1335,22138,0
1336,22139,0
1337,22140,0
1338,22141,1
1339,22142,1
1340,22143,0
1341,22144,1
1342,22145,0
1343,22146,0
1344,22147,1
1345,22148,0
1346,22149,1
1347,22150,0
1348,22151,0
1349,22152,1
1350,22153,0
1351,22154,0
1352,22155,1
1353,22156,0
1354,22157,1
1355,22158,1
1356,22159,1
1357,22160,1
1358,22161,1
1359,22162,1
1360,22163,0
1361,22164,0
1362,22165,1
1363,22166,1
1364,22167,0
1365,22168,1
1366,22169,1
1367,22170,0
1368,22171,0
1369,22172,1
1370,22173,0
1371,22174,1
1372,22175,0
1373,22176,0
1374,22177,0
1375,22178,1
1376,22179,0
1377,22180,0
1378,22181,1
1379,22182,0
1380,22183,0
1381,22184,1
1382,22185,1
1383,22186,1
1384,22187,0
1385,22188,0
1386,22189,0
1387,22190,1
1388,22191,0
1389,22192,1
1390,22193,1
1391,22194,0
1392,22195,1
1393,22196,0
1394,22197,1
1395,22198,1
1396,22199,0
1397,22200,0
1398,22201,0
1399,22202,0
1400,22203,1
1401,22204,1
1402,22205,0
1403,22206,1
1404,22207,0
1405,22208,1
1406,22209,1
1407,22210,0
1408,22211,1
1409,22212,1
1410,22213,1
1411,22214,1
1412,22215,0
1413,22216,0
1414,22217,0
1415,22218,0
1416,22219,1
1417,22220,0
1418,22221,0
1419,22222,1
1420,22223,1
1421,22224,1
1422,22225,1
1423,22226,0
1424,22227,0
1425,22228,1
1426,22229,0
1427,22230,1
1428,22231,1
1429,22232,0
1430,22233,0
1431,22234,0
1432,22235,0
1433,22236,1
1434,22237,1
1435,22238,1
1436,22239,1
1437,22240,0
1438,22241,0
1439,22242,1
1440,22243,0
1441,22244,1
1442,22245,1
1443,22246,0
1444,22247,0
1445,22248,1
1446,22249,0
1447,22250,1
1448,22251,0
1449,22252,1
1450,22253,0
1451,22254,0
1452,22255,0
1453,22256,1
1454,22257,0
1455,22258,1
1456,22259,1
1457,22260,1
1458,22261,0
1459,22262,1
1460,22263,0
1461,22264,1
1462,22265,1
1463,22266,0
1464,22267,0
1465,22268,1
1466,22269,0
1467,22270,0
1468,22271,0
1469,22272,1
1470,22273,1
1471,22274,0
1472,22275,1
1473,22276,1
1474,22277,0
1475,22278,1
1476,22279,1
1477,22280,0
1478,22281,0
1479,22282,1
1480,22283,1
1481,22284,0
1482,22285,1
1483,22286,1
1484,22287,0
1485,22288,1
1486,22289,1
1487,22290,0
1488,22291,0
1489,22292,0
1490,22293,0
1491,22294,0
1492,22295,1
1493,22296,0
1494,22297,0
1495,22298,1
1496,22299,1
1497,22300,1
1498,22301,1
1499,22302,0
1500,22303,0
1501,22304,1
1502,22305,1
1503,22306,1
1504,22307,1
1505,22308,0
1506,22309,0
1507,22310,0
1508,22311,0
1509,22312,0
1510,22313,1
1511,22314,1
1512,22315,1
1513,22316,1
1514,22317,0
1515,22318,0
1516,22319,1
1517,22320,0
1518,22321,1
1519,22322,1
1520,22323,1
1521,22324,0
1522,22325,1
1523,22326,1
1524,22327,0
1525,22328,1
1526,22329,1
1527,22330,1
1528,22331,1
1529,22332,0
1530,22333,1
1531,22334,1
1532,22335,0
1533,22336,0
1534,22337,0
1535,22338,1
1536,22339,0
1537,22340,0
1538,22341,0
1539,22342,1
1540,22343,0
1541,22344,0
1542,22345,0
1543,22346,0
1544,22347,1
1545,22348,0
1546,22349,0
1547,22350,1
1548,22351,0
1549,22352,1
1550,22353,1
1551,22354,1
1552,22355,0
1553,22356,1
1554,22357,1
1555,22358,1
1556,22359,1
1557,22360,1
1558,22361,0
1559,22362,0
1560,22363,0
1561,22364,1
1562,22365,1
1563,22366,1
1564,22367,0
1565,22368,0
1566,22369,0
1567,22370,1
1568,22371,1
1569,22372,1
1570,22373,0
1571,22374,0
1572,22375,0
1573,22376,0
1574,22377,1
1575,22378,1
1576,22379,1
1577,22380,0
1578,22381,1
1579,22382,1
1580,22383,1
1581,22384,0
1582,22385,1
1583,22386,1
1584,22387,1
1585,22388,0
1586,22389,1
1587,22390,0
1588,22391,1
1589,22392,0
1590,22393,1
1591,22394,0
1592,22395,1
1593,22396,0
1594,22397,1
1595,22398,0
1596,22399,1
1597,22400,0
1598,22401,1
1599,22402,0
1600,22403,1
1601,22404,1
1602,22405,1
1603,22406,1
1604,22407,1
1605,22408,0
1606,22409,0
1607,22410,0
1608,22411,1
1609,22412,1
1610,22413,0
1611,22414,1
1612,22415,1
1613,22416,0
1614,22417,1
1615,22418,1
1616,22419,1
1617,22420,0
1618,22421,0
1619,22422,0
1620,22423,0
1621,22424,0
1622,22425,1
1623,22426,0
1624,22427,1
1625,22428,1
1626,22429,0
1627,22430,0
1628,22431,1
1629,22432,1
1630,22433,1
1631,22434,1
1632,22435,1
1633,22436,0
1634,22437,0
1635,22438,1
1636,22439,0
1637,22440,1
1638,22441,1
1639,22442,1
1640,22443,0
1641,22444,1
1642,22445,0
1643,22446,0
1644,22447,1
1645,22448,1
1646,22449,1
1647,22450,1
1648,22451,1
1649,22452,0
1650,22453,0
1651,22454,1
1652,22455,1
1653,22456,1
1654,22457,0
1655,22458,0
1656,22459,1
1657,22460,0
1658,22461,1
1659,22462,0
1660,22463,0
1661,22464,0
1662,22465,1
1663,22466,1
1664,22467,1
1665,22468,0
1666,22469,0
1667,22470,0
1668,22471,1
1669,22472,0
1670,22473,1
1671,22474,0
1672,22475,1
1673,22476,1
1674,22477,1
1675,22478,1
1676,22479,0
1677,22480,1
1678,22481,1
1679,22482,1
1680,22483,0
1681,22484,0
1682,22485,0
1683,22486,1
1684,22487,0
1685,22488,0
1686,22489,0
1687,22490,0
1688,22491,1
1689,22492,0
1690,22493,0
1691,22494,1
1692,22495,0
1693,22496,0
1694,22497,0
1695,22498,1
1696,22499,0
1697,22500,0
1698,22501,0
1699,22502,0
1700,22503,0
1701,22504,0
1702,22505,0
1703,22506,1
1704,22507,1
1705,22508,1
1706,22509,1
1707,22510,1
1708,22511,0
1709,22512,0
1710,22513,0
1711,22514,1
1712,22515,0
1713,22516,1
1714,22517,1
1715,22518,0
1716,22519,1
1717,22520,0
1718,22521,1
1719,22522,1
1720,22523,0
1721,22524,1
1722,22525,0
1723,22526,0
1724,22527,1
1725,22528,0
1726,22529,1
1727,22530,1
1728,22531,1
1729,22532,1
1730,22533,1
1731,22534,1
1732,22535,0
1733,22536,0
1734,22537,0
1735,22538,1
1736,22539,0
1737,22540,0
1738,22541,1
1739,22542,0
1740,22543,1
1741,22544,1
1742,22545,0
1743,22546,0
1744,22547,1
1745,22548,0
1746,22549,1
1747,22550,0
1748,22551,0
1749,22552,0
1750,22553,0
1751,22554,1
1752,22555,0
1753,22556,0
1754,22557,1
1755,22558,0
1756,22559,1
1757,22560,0
1758,22561,0
1759,22562,1
1760,22563,1
1761,22564,1
1762,22565,0
1763,22566,0
1764,22567,0
1765,22568,1
1766,22569,0
1767,22570,0
1768,22571,1
1769,22572,1
1770,22573,1
1771,22574,1
1772,22575,1
1773,22576,1
1774,22577,0
1775,22578,1
1776,22579,1
1777,22580,0
1778,22581,0
1779,22582,1
1780,22583,0
1781,22584,0
1782,22585,1
1783,22586,0
1784,22587,1
1785,22588,0
1786,22589,0
1787,22590,0
1788,22591,1
1789,22592,0
1790,22593,0
1791,22594,0
1792,22595,0
1793,22596,0
1794,22597,1
1795,22598,0
1796,22599,0
1797,22600,1
1798,22601,1
1799,22602,0
1800,22603,0
1801,22604,0
1802,22605,0
1803,22606,1
1804,22607,0
1805,22608,0
1806,22609,0
1807,22610,1
1808,22611,1
1809,22612,0
1810,22613,1
1811,22614,1
1812,22615,1
1813,22616,0
1814,22617,1
1815,22618,1
1816,22619,1
1817,22620,0
1818,22621,1
1819,22622,1
1820,22623,0
1821,22624,0
1822,22625,1
1823,22626,0
1824,22627,0
1825,22628,0
1826,22629,1
1827,22630,1
1828,22631,0
1829,22632,1
1830,22633,0
1831,22634,0
1832,22635,0
1833,22636,1
1834,22637,1
1835,22638,0
1836,22639,0
1837,22640,1
1838,22641,0
1839,22642,0
1840,22643,0
1841,22644,0
1842,22645,1
1843,22646,0
1844,22647,1
1845,22648,1
1846,22649,1
1847,22650,1
1848,22651,1
1849,22652,0
1850,22653,1
1851,22654,1
1852,22655,1
1853,22656,0
1854,22657,1
1855,22658,0
1856,22659,0
1857,22660,0
1858,22661,1
1859,22662,1
1860,22663,1
1861,22664,0
1862,22665,1
1863,22666,1
1864,22667,0
1865,22668,0
1866,22669,1
1867,22670,0
1868,22671,1
1869,22672,1
1870,22673,1
1871,22674,1
1872,22675,1
1873,22676,1
1874,22677,1
1875,22678,0
1876,22679,1
1877,22680,0
1878,22681,1
1879,22682,0
1880,22683,0
1881,22684,1
1882,22685,0
1883,22686,0
1884,22687,0
1885,22688,0
1886,22689,1
1887,22690,0
1888,22691,0
1889,22692,1
1890,22693,0
1891,22694,0
1892,22695,1
1893,22696,0
1894,22697,1
1895,22698,1
1896,22699,1
1897,22700,0
1898,22701,1
1899,22702,0
1900,22703,0
1901,22704,0
1902,22705,1
1903,22706,0
1904,22707,1
1905,22708,1
1906,22709,1
1907,22710,0
1908,22711,0
1909,22712,0
1910,22713,1
1911,22714,0
1912,22715,0
1913,22716,1
1914,22717,0
1915,22718,0
1916,22719,1
1917,22720,0
1918,22721,0
1919,22722,1
1920,22723,0
1921,22724,1
1922,22725,0
1923,22726,0
1924,22727,0
1925,22728,0
1926,22729,1
1927,22730,1
1928,22731,0
1929,22732,1
1930,22733,1
1931,22734,1
1932,22735,0
1933,22736,1
1934,22737,1
1935,22738,0
1936,22739,1
1937,22740,0
1938,22741,1
1939,22742,0
1940,22743,0
1941,22744,0
1942,22745,1
1943,22746,1
1944,22747,1
1945,22748,0
1946,22749,1
1947,22750,1
1948,22751,0
1949,22752,0
1950,22753,1
1951,22754,0
1952,22755,1
1953,22756,0
1954,22757,0
1955,22758,1
1956,22759,1
1957,22760,0
1958,22761,1
1959,22762,1
1960,22763,0
1961,22764,0
1962,22765,0
1963,22766,0
1964,22767,0
1965,22768,0
1966,22769,1
1967,22770,1
1968,22771,0
1969,22772,1
1970,22773,0
1971,22774,1
1972,22775,0
1973,22776,0
1974,22777,1
1975,22778,0
1976,22779,1
1977,22780,1
1978,22781,0
1979,22782,1
1980,22783,1
1981,22784,1
1982,22785,1
1983,22786,0
1984,22787,0
1985,22788,0
1986,22789,1
1987,22790,1
1988,22791,0
1989,22792,1
1990,22793,1
1991,22794,0
1992,22795,1
1993,22796,1
1994,22797,0
1995,22798,0
1996,22799,1
1997,22800,0
1998,22801,1
1999,22802,1
2000,22803,1
2001,22804,0
2002,22805,1
2003,22806,1
2004,22807,0
2005,22808,1
2006,22809,1
2007,22810,0
2008,22811,1
2009,22812,0
2010,22813,1
2011,22814,0
2012,22815,1
2013,22816,0
2014,22817,0
2015,22818,1
2016,22819,1
2017,22820,0
2018,22821,1
2019,22822,1
2020,22823,0
2021,22824,0
2022,22825,0
2023,22826,0
2024,22827,1
2025,22828,1
2026,22829,1
2027,22830,0
2028,22831,1
2029,22832,0
2030,22833,0
2031,22834,0
2032,22835,1
2033,22836,1
2034,22837,1
2035,22838,1
2036,22839,1
2037,22840,1
2038,22841,1
2039,22842,1
2040,22843,1
2041,22844,1
2042,22845,0
2043,22846,1
2044,22847,1
2045,22848,0
2046,22849,1
2047,22850,0
2048,22851,0
2049,22852,1
2050,22853,0
2051,22854,1
2052,22855,0
2053,22856,0
2054,22857,0
2055,22858,0
2056,22859,0
2057,22860,0
2058,22861,1
2059,22862,1
2060,22863,1
2061,22864,0
2062,22865,0
2063,22866,1
2064,22867,0
2065,22868,1
2066,22869,0
2067,22870,1
2068,22871,0
2069,22872,0
2070,22873,0
2071,22874,0
2072,22875,1
2073,22876,1
2074,22877,1
2075,22878,0
2076,22879,1
2077,22880,1
2078,22881,0
2079,22882,1
2080,22883,0
2081,22884,1
2082,22885,0
2083,22886,0
2084,22887,1
2085,22888,0
2086,22889,0
2087,22890,1
2088,22891,1
2089,22892,1
2090,22893,1
2091,22894,1
2092,22895,1
2093,22896,0
2094,22897,1
2095,22898,0
2096,22899,0
2097,22900,1
2098,22901,0
2099,22902,1
2100,22903,1
2101,22904,0
2102,22905,0
2103,22906,0
2104,22907,1
2105,22908,1
2106,22909,0
2107,22910,1
2108,22911,0
2109,22912,1
2110,22913,1
2111,22914,1
2112,22915,0
2113,22916,0
2114,22917,1
2115,22918,0
2116,22919,1
2117,22920,1
2118,22921,1
2119,22922,0
2120,22923,1
2121,22924,1
2122,22925,1
2123,22926,1
2124,22927,1
2125,22928,1
2126,22929,0
2127,22930,1
2128,22931,0
2129,22932,1
2130,22933,0
2131,22934,1
2132,22935,1
2133,22936,1
2134,22937,1
2135,22938,1
2136,22939,0
2137,22940,0
2138,22941,0
2139,22942,1
2140,22943,1
2141,22944,0
2142,22945,1
2143,22946,0
2144,22947,0
2145,22948,1
2146,22949,1
2147,22950,1
2148,22951,1
2149,22952,0
2150,22953,0
2151,22954,1
2152,22955,0
2153,22956,1
2154,22957,0
2155,22958,0
2156,22959,1
2157,22960,1
2158,22961,1
2159,22962,0
2160,22963,0
2161,22964,1
2162,22965,1
2163,22966,0
2164,22967,0
2165,22968,0
2166,22969,0
2167,22970,1
2168,22971,0
2169,22972,1
2170,22973,1
2171,22974,1
2172,22975,0
2173,22976,0
2174,22977,0
2175,22978,1
2176,22979,0
2177,22980,1
2178,22981,0
2179,22982,0
2180,22983,1
2181,22984,0
2182,22985,0
2183,22986,1
2184,22987,1
2185,22988,1
2186,22989,1
2187,22990,0
2188,22991,1
2189,22992,0
2190,22993,0
2191,22994,0
2192,22995,1
2193,22996,1
2194,22997,1
2195,22998,1
2196,22999,1
2197,23000,0
2198,23001,0
2199,23002,0
2200,23003,1
2201,23004,1
2202,23005,1
2203,23006,1
2204,23007,1
2205,23008,0
2206,23009,1
2207,23010,0
2208,23011,1
2209,23012,1
2210,23013,0
2211,23014,1
2212,23015,1
2213,23016,1
2214,23017,0
2215,23018,0
2216,23019,0
2217,23020,0
2218,23021,1
2219,23022,0
2220,23023,0
2221,23024,1
2222,23025,0
2223,23026,1
2224,23027,1
2225,23028,0
2226,23029,0
2227,23030,0
2228,23031,0
2229,23032,1
2230,23033,0
2231,23034,0
2232,23035,1
2233,23036,1
2234,23037,1
2235,23038,0
2236,23039,0
2237,23040,1
2238,23041,1
2239,23042,1
2240,23043,0
2241,23044,1
2242,23045,0
2243,23046,1
2244,23047,0
2245,23048,1
2246,23049,0
2247,23050,0
2248,23051,1
2249,23052,0
2250,23053,0
2251,23054,1
2252,23055,1
2253,23056,1
2254,23058,1
2255,23059,0
2256,23060,0
2257,23061,0
2258,23062,0
2259,23063,0
2260,23064,1
2261,23065,1
2262,23066,1
2263,23067,0
2264,23068,0
2265,23069,0
2266,23070,1
2267,23071,0
2268,23072,1
2269,23073,0
2270,23074,0
2271,23075,0
2272,23076,1
2273,23077,0
2274,23078,0
2275,23079,0
2276,23080,0
2277,23081,1
2278,23082,0
2279,23083,0
2280,23084,0
2281,23085,0
2282,23086,1
2283,23087,0
2284,23088,0
2285,23089,1
2286,23090,0
2287,23091,1
2288,23092,0
2289,23093,0
2290,23094,0
2291,23095,0
2292,23096,1
2293,23097,0
2294,23098,1
2295,23099,0
2296,23100,0
2297,23101,1
2298,23102,0
2299,23103,0
2300,23104,0
2301,23105,0
2302,23106,0
2303,23107,0
2304,23108,1
2305,23109,1
2306,23110,0
2307,23111,0
2308,23112,0
2309,23113,1
2310,23114,1
2311,23115,1
2312,23116,0
2313,23117,0
2314,23118,1
2315,23119,1
2316,23120,0
2317,23121,1
2318,23122,1
2319,23123,1
2320,23124,0
2321,23125,0
2322,23126,0
2323,23127,0
2324,23128,1
2325,23129,1
2326,23130,1
2327,23131,1
2328,23132,0
2329,23133,0
2330,23134,1
2331,23135,1
2332,23136,0
2333,23137,1
2334,23138,1
2335,23139,0
2336,23140,1
2337,23141,0
2338,23142,0
2339,23143,1
2340,23144,0
2341,23145,0
2342,23146,0
2343,23147,0
2344,23148,1
2345,23149,0
2346,23150,1
2347,23151,0
2348,23152,1
2349,23153,1
2350,23154,1
2351,23155,0
2352,23156,1
2353,23157,1
2354,23158,0
2355,23159,0
2356,23160,0
2357,23161,0
2358,23162,0
2359,23163,1
2360,23164,0
2361,23165,1
2362,23166,0
2363,23167,1
2364,23168,1
2365,23169,0
2366,23170,1
2367,23171,0
2368,23172,0
2369,23173,0
2370,23174,1
2371,23175,1
2372,23176,1
2373,23177,1
2374,23178,0
2375,23179,1
2376,23180,0
2377,23181,0
2378,23182,0
2379,23183,1
2380,23184,0
2381,23185,0
2382,23186,1
2383,23187,1
2384,23188,0
2385,23189,1
2386,23190,1
2387,23191,0
2388,23192,0
2389,23193,1
2390,23194,1
2391,23195,0
2392,23196,0
2393,23197,0
2394,23198,0
2395,23199,1
2396,23200,0
2397,23201,0
2398,23202,0
2399,23203,1
2400,23204,1
2401,23205,0
2402,23206,1
2403,23207,0
2404,23208,0
2405,23209,0
2406,23210,0
2407,23211,0
2408,23212,0
2409,23213,1
2410,23214,1
2411,23215,0
2412,23216,1
2413,23217,1
2414,23218,0
2415,23219,0
2416,23220,0
2417,23221,1
2418,23222,0
2419,23223,1
2420,23224,1
2421,23225,1
2422,23226,0
2423,23227,0
2424,23228,1
2425,23229,1
2426,23230,1
2427,23231,1
2428,23232,1
2429,23233,0
2430,23234,0
2431,23235,1
2432,23236,0
2433,23237,0
2434,23238,1
2435,23239,0
2436,23240,1
2437,23241,1
2438,23242,0
2439,23243,1
2440,23244,0
2441,23245,1
2442,23246,1
2443,23247,1
2444,23248,1
2445,23249,1
2446,23250,0
2447,23251,0
2448,23252,0
2449,23253,0
2450,23254,1
2451,23255,1
2452,23256,0
2453,23257,0
2454,23258,0
2455,23259,0
2456,23260,0
2457,23261,0
2458,23262,1
2459,23263,0
2460,23264,1
2461,23265,1
2462,23266,0
2463,23267,1
2464,23268,1
2465,23269,1
2466,23270,0
2467,23271,0
2468,23272,0
2469,23273,1
2470,23274,1
2471,23275,0
2472,23276,0
2473,23277,1
2474,23278,1
2475,23279,0
2476,23280,1
2477,23281,0
2478,23282,0
2479,23283,1
2480,23284,0
2481,23285,0
2482,23286,1
2483,23287,0
2484,23288,0
2485,23289,1
2486,23290,1
2487,23291,0
2488,23292,0
2489,23293,1
2490,23294,0
2491,23295,1
2492,23296,0
2493,23297,0
2494,23298,0
2495,23299,1
2496,23300,0
2497,23301,1
2498,23302,1
2499,23303,0
2500,23304,1
2501,23305,1
2502,23306,1
2503,23307,1
2504,23308,0
2505,23309,0
2506,23310,0
2507,23311,0
2508,23312,1
2509,23313,1
2510,23314,0
2511,23315,0
2512,23316,1
2513,23317,0
2514,23318,1
2515,23319,0
2516,23320,1
2517,23321,0
2518,23322,0
2519,23323,1
2520,23324,1
2521,23325,1
2522,23326,1
2523,23327,1
2524,23328,1
2525,23329,1
2526,23330,1
2527,23331,1
2528,23332,1
2529,23333,0
2530,23334,0
2531,23335,1
2532,23336,0
2533,23337,0
2534,23338,1
2535,23339,0
2536,23340,0
2537,23341,0
2538,23342,0
2539,23343,1
2540,23344,1
2541,23345,1
2542,23346,0
2543,23347,1
2544,23348,0
2545,23349,1
2546,23350,0
2547,23351,1
2548,23352,0
2549,23353,1
2550,23354,1
2551,23355,0
2552,23356,1
2553,23357,1
2554,23358,0
2555,23359,1
2556,23360,0
2557,23361,1
2558,23362,1
2559,23363,0
2560,23364,0
2561,23365,0
2562,23366,1
2563,23367,1
2564,23368,1
2565,23369,1
2566,23370,0
2567,23371,0
2568,23372,1
2569,23373,1
2570,23374,1
2571,23375,1
2572,23376,1
2573,23377,0
2574,23378,0
2575,23379,1
2576,23380,1
2577,23381,1
2578,23382,0
2579,23383,1
2580,23384,0
2581,23385,1
2582,23386,1
2583,23387,0
2584,23388,1
2585,23389,0
2586,23390,1
2587,23391,1
2588,23392,0
2589,23393,1
2590,23394,1
2591,23395,0
2592,23396,0
2593,23397,1
2594,23398,1
2595,23399,1
2596,23400,1
2597,23401,0
2598,23402,1
2599,23403,1
2600,23404,0
2601,23405,0
2602,23406,0
2603,23407,1
2604,23408,1
2605,23409,1
2606,23410,1
2607,23411,1
2608,23412,0
2609,23413,0
2610,23414,0
2611,23415,1
2612,23416,0
2613,23417,0
2614,23418,1
2615,23419,0
2616,23420,0
2617,23421,0
2618,23422,1
2619,23423,1
2620,23424,1
2621,23425,1
2622,23426,1
2623,23427,0
2624,23428,1
2625,23429,1
2626,23430,0
2627,23431,1
2628,23432,1
2629,23433,1
2630,23434,1
2631,23435,0
2632,23436,1
2633,23437,1
2634,23438,0
2635,23439,0
2636,23440,1
2637,23441,0
2638,23442,1
2639,23443,1
2640,23444,0
2641,23445,1
2642,23446,1
2643,23447,1
2644,23448,0
2645,23449,0
2646,23450,1
2647,23451,0
2648,23452,1
2649,23453,1
2650,23454,1
2651,23455,0
2652,23456,1
2653,23457,1
2654,23458,0
2655,23459,1
2656,23460,1
2657,23461,0
2658,23462,0
2659,23463,1
2660,23464,0
2661,23465,1
2662,23466,0
2663,23467,1
2664,23468,1
2665,23469,0
2666,23470,0
2667,23471,1
2668,23472,1
2669,23473,1
2670,23474,0
2671,23475,0
2672,23476,1
2673,23477,1
2674,23478,0
2675,23479,0
2676,23480,1
2677,23481,1
2678,23482,1
2679,23483,0
2680,23484,1
2681,23485,1
2682,23486,0
2683,23487,0
2684,23488,1
2685,23489,1
2686,23490,0
2687,23491,0
2688,23492,0
2689,23493,0
2690,23494,1
2691,23495,1
2692,23496,1
2693,23497,0
2694,23498,0
2695,23499,0
2696,23500,1
2697,23501,0
2698,23502,0
2699,23503,0
2700,23504,1
2701,23505,1
2702,23506,1
2703,23507,1
2704,23508,0
2705,23509,1
2706,23510,0
2707,23511,1
2708,23512,0
2709,23513,1
2710,23514,0
2711,23515,0
2712,23516,0
2713,23517,1
2714,23518,0
2715,23519,0
2716,23520,1
2717,23521,1
2718,23522,1
2719,23523,1
2720,23524,1
2721,23525,1
2722,23526,0
2723,23527,0
2724,23528,1
2725,23529,1
2726,23530,0
2727,23531,0
2728,23532,0
2729,23533,1
2730,23534,1
2731,23535,0
2732,23536,1
2733,23537,1
2734,23538,0
2735,23539,0
2736,23540,0
2737,23541,1
2738,23542,0
2739,23543,0
2740,23544,0
2741,23545,1
2742,23546,0
2743,23547,0
2744,23548,1
2745,23549,1
2746,23550,0
2747,23551,1
2748,23552,1
2749,23553,1
2750,23554,0
2751,23555,1
2752,23556,0
2753,23557,1
2754,23558,1
2755,23559,1
2756,23560,0
2757,23561,0
2758,23562,1
2759,23563,0
2760,23564,0
2761,23565,1
2762,23566,0
2763,23567,0
2764,23568,1
2765,23569,1
2766,23570,0
2767,23571,0
2768,23572,1
2769,23573,0
2770,23574,1
2771,23575,1
2772,23576,1
2773,23577,0
2774,23578,0
2775,23579,1
2776,23580,0
2777,23581,0
2778,23582,1
2779,23583,0
2780,23584,0
2781,23585,1
2782,23586,1
2783,23587,0
2784,23588,1
2785,23589,1
2786,23590,0
2787,23591,0
2788,23592,0
2789,23593,1
2790,23594,1
2791,23595,1
2792,23596,0
2793,23597,0
2794,23598,0
2795,23599,1
2796,23600,0
2797,23601,1
2798,23602,0
2799,23603,0
2800,23604,1
2801,23605,0
2802,23606,0
2803,23607,0
2804,23608,0
2805,23609,0
2806,23610,1
2807,23611,0
2808,23612,1
2809,23613,0
2810,23614,1
2811,23615,1
2812,23616,0
2813,23617,1
2814,23618,0
2815,23619,1
2816,23620,1
2817,23621,1
2818,23622,1
2819,23623,0
2820,23624,0
2821,23625,0
2822,23626,0
2823,23627,1
2824,23628,0
2825,23629,0
2826,23630,0
2827,23631,1
2828,23632,0
2829,23633,0
2830,23634,0
2831,23635,1
2832,23636,0
2833,23637,0
2834,23638,1
2835,23639,0
2836,23640,1
2837,23641,0
2838,23642,0
2839,23643,0
2840,23644,0
2841,23645,1
2842,23646,1
2843,23647,0
2844,23648,1
2845,23649,1
2846,23650,0
2847,23651,0
2848,23652,0
2849,23653,1
2850,23654,1
2851,23655,0
2852,23656,0
2853,23657,1
2854,23658,0
2855,23659,0
2856,23660,1
2857,23661,1
2858,23662,1
2859,23663,0
2860,23664,0
2861,23665,0
2862,23666,0
2863,23667,1
2864,23668,0
2865,23669,0
2866,23670,1
2867,23671,1
2868,23672,0
2869,23673,0
2870,23674,0
2871,23675,1
2872,23676,1
2873,23677,1
2874,23678,1
2875,23679,1
2876,23680,1
2877,23681,0
2878,23682,0
2879,23683,0
2880,23684,1
2881,23685,0
2882,23686,1
2883,23687,0
2884,23688,1
2885,23689,1
2886,23690,0
2887,23691,0
2888,23693,0
2889,23694,0
2890,23695,0
2891,23696,0
2892,23697,0
2893,23698,0
2894,23699,0
2895,23700,1
2896,23701,0
2897,23702,1
2898,23703,1
2899,23704,1
2900,23705,1
2901,23706,1
2902,23707,0
2903,23708,0
2904,23709,1
2905,23710,1
2906,23711,1
2907,23712,0
2908,23713,1
2909,23714,1
2910,23715,0
2911,23716,1
2912,23717,0
2913,23718,1
2914,23719,1
2915,23720,0
2916,23721,1
2917,23722,1
2918,23723,1
2919,23724,1
2920,23725,0
2921,23726,0
2922,23727,1
2923,23728,1
2924,23729,0
2925,23730,0
2926,23731,0
2927,23732,0
2928,23733,1
2929,23734,0
2930,23735,0
2931,23736,1
2932,23737,1
2933,23738,0
2934,23739,0
2935,23740,1
2936,23741,1
2937,23742,1
2938,23743,1
2939,23744,0
2940,23745,1
2941,23746,0
2942,23747,0
2943,23748,1
2944,23749,0
2945,23750,1
2946,23751,1
2947,23752,0
2948,23753,0
2949,23754,1
2950,23755,0
2951,23756,0
2952,23757,1
2953,23758,1
2954,23759,0
2955,23760,0
2956,23761,1
2957,23762,0
2958,23763,0
2959,23764,1
2960,23765,1
2961,23766,1
2962,23767,0
2963,23768,0
2964,23769,1
2965,23770,0
2966,23771,0
2967,23772,0
2968,23773,0
2969,23774,1
2970,23775,0
2971,23776,0
2972,23777,0
2973,23778,1
2974,23779,0
2975,23780,0
2976,23781,0
2977,23782,0
2978,23783,1
2979,23784,1
2980,23785,0
2981,23786,0
2982,23787,1
2983,23788,1
2984,23789,1
2985,23790,0
2986,23791,1
2987,23792,0
2988,23793,0
2989,23794,0
2990,23795,1
2991,23796,0
2992,23797,0
2993,23798,1
2994,23799,0
2995,23800,0
2996,23801,0
2997,23802,1
2998,23803,0
2999,23804,0
3000,23805,0
3001,23806,1
3002,23807,0
3003,23808,0
3004,23809,0
3005,23810,0
3006,23811,0
3007,23812,0
3008,23813,1
3009,23814,0
3010,23815,1
3011,23816,1
3012,23817,1
3013,23818,1
3014,23819,1
3015,23820,1
3016,23821,1
3017,23822,1
3018,23823,1
3019,23824,1
3020,23825,1
3021,23826,1
3022,23827,1
3023,23828,1
3024,23829,1
3025,23830,1
3026,23831,1
3027,23832,0
3028,23833,0
3029,23834,1
3030,23835,1
3031,23836,1
3032,23837,1
3033,23838,0
3034,23839,0
3035,23840,1
3036,23841,1
3037,23842,1
3038,23843,1
3039,23844,1
3040,23845,1
3041,23846,0
3042,23847,1
3043,23848,0
3044,23849,1
3045,23850,0
3046,23851,1
3047,23852,0
3048,23853,0
3049,23854,0
3050,23855,1
3051,23856,0
3052,23857,0
3053,23858,0
3054,23859,1
3055,23860,0
3056,23861,0
3057,23862,1
3058,23863,0
3059,23864,0
3060,23865,0
3061,23866,1
3062,23867,0
3063,23868,1
3064,23869,0
3065,23870,1
3066,23871,0
3067,23872,1
3068,23873,1
3069,23874,0
3070,23875,0
3071,23876,0
3072,23877,0
3073,23878,1
3074,23879,0
3075,23880,0
3076,23881,1
3077,23882,1
3078,23883,0
3079,23884,0
3080,23885,1
3081,23886,1
3082,23887,0
3083,23888,0
3084,23889,1
3085,23890,1
3086,23891,0
3087,23892,1
3088,23893,1
3089,23894,1
3090,23895,0
3091,23896,1
3092,23897,1
3093,23898,1
3094,23899,0
3095,23900,0
3096,23901,0
3097,23902,0
3098,23903,1
3099,23904,0
3100,23905,0
3101,23906,1
3102,23907,1
3103,23908,1
3104,23909,1
3105,23910,0
3106,23911,0
3107,23912,1
3108,23913,1
3109,23914,1
3110,23915,1
3111,23916,0
3112,23917,0
3113,23918,0
3114,23919,1
3115,23920,0
3116,23921,1
3117,23922,0
3118,23923,1
3119,23924,0
3120,23925,1
3121,23926,1
3122,23927,1
3123,23928,1
3124,23929,1
3125,23930,1
3126,23931,0
3127,23932,0
3128,23933,1
3129,23934,0
3130,23935,0
3131,23936,1
3132,23937,1
3133,23938,0
3134,23939,1
3135,23940,0
3136,23941,0
3137,23942,1
3138,23943,0
3139,23944,0
3140,23945,1
3141,23946,1
3142,23947,1
3143,23948,1
3144,23949,0
3145,23950,0
3146,23951,0
3147,23952,1
3148,23953,1
3149,23954,1
3150,23955,0
3151,23956,0
3152,23957,0
3153,23958,1
3154,23959,1
3155,23960,0
3156,23961,1
3157,23962,1
3158,23963,1
3159,23964,0
3160,23965,1
3161,23966,0
3162,23967,1
3163,23968,1
3164,23969,0
3165,23970,1
3166,23971,1
3167,23972,1
3168,23973,0
3169,23974,1
3170,23975,0
3171,23976,0
3172,23977,1
3173,23978,0
3174,23979,0
3175,23980,0
3176,23981,0
3177,23982,1
3178,23983,0
3179,23984,1
3180,23985,1
3181,23986,1
3182,23987,1
3183,23988,1
3184,23989,0
3185,23990,0
3186,23991,0
3187,23992,0
3188,23993,1
3189,23994,0
3190,23995,1
3191,23996,1
3192,23997,0
3193,23998,1
3194,23999,0
3195,24000,1
3196,24001,0
3197,24002,0
3198,24003,0
3199,24004,1
3200,24005,0
3201,24006,0
3202,24007,1
3203,24008,1
3204,24009,1
3205,24010,1
3206,24011,1
3207,24012,0
3208,24013,1
3209,24014,0
3210,24015,1
3211,24016,0
3212,24017,1
3213,24018,0
3214,24019,0
3215,24020,0
3216,24021,1
3217,24022,1
3218,24023,1
3219,24024,0
3220,24025,1
3221,24026,0
3222,24027,1
3223,24028,1
3224,24029,0
3225,24030,0
3226,24031,1
3227,24032,1
3228,24033,1
3229,24034,0
3230,24035,0
3231,24036,1
3232,24037,0
3233,24038,0
3234,24039,1
3235,24040,0
3236,24041,1
3237,24042,1
3238,24043,1
3239,24044,0
3240,24045,0
3241,24046,0
3242,24047,0
3243,24048,1
3244,24049,1
3245,24050,0
3246,24051,1
3247,24052,1
3248,24053,0
3249,24054,0
3250,24055,1
3251,24056,0
3252,24057,0
3253,24058,0
3254,24059,0
3255,24060,1
3256,24061,1
3257,24062,1
3258,24063,0
3259,24064,1
3260,24065,0
3261,24066,0
3262,24067,0
3263,24068,0
3264,24069,1
3265,24070,1
3266,24071,0
3267,24072,0
3268,24073,1
3269,24074,0
3270,24075,0
3271,24076,0
3272,24077,1
3273,24078,0
3274,24079,1
3275,24080,1
3276,24081,0
3277,24082,1
3278,24083,1
3279,24084,0
3280,24085,1
3281,24086,0
3282,24087,0
3283,24088,0
3284,24089,0
3285,24090,0
3286,24091,1
3287,24092,0
3288,24093,0
3289,24094,1
3290,24095,0
3291,24096,1
3292,24097,0
3293,24098,1
3294,24099,0
3295,24100,0
3296,24101,1
3297,24102,0
3298,24103,0
3299,24104,0
3300,24105,0
3301,24106,1
3302,24107,0
3303,24108,0
3304,24109,1
3305,24110,0
3306,24111,1
3307,24112,0
3308,24113,0
3309,24114,1
3310,24115,1
3311,24116,0
3312,24117,0
3313,24118,0
3314,24119,1
3315,24120,0
3316,24121,0
3317,24122,1
3318,24123,1
3319,24124,1
3320,24125,0
3321,24126,1
3322,24127,0
3323,24128,1
3324,24129,1
3325,24130,1
3326,24131,1
3327,24132,0
3328,24133,0
3329,24134,0
3330,24135,1
3331,24136,0
3332,24137,1
3333,24138,1
3334,24139,0
3335,24140,1
3336,24141,0
3337,24142,0
3338,24143,1
3339,24144,0
3340,24145,0
3341,24146,1
3342,24147,0
3343,24148,0
3344,24149,1
3345,24150,1
3346,24151,1
3347,24152,0
3348,24153,0
3349,24154,1
3350,24155,0
3351,24156,1
3352,24157,1
3353,24158,1
3354,24159,1
3355,24160,1
3356,24161,1
3357,24162,0
3358,24163,0
3359,24164,1
3360,24165,0
3361,24166,0
3362,24167,1
3363,24168,1
3364,24169,0
3365,24170,1
3366,24171,1
3367,24172,0
3368,24173,1
3369,24174,0
3370,24175,1
3371,24176,1
3372,24177,1
3373,24178,1
3374,24179,0
3375,24180,0
3376,24181,0
3377,24182,1
3378,24183,1
3379,24184,0
3380,24185,1
3381,24186,1
3382,24187,1
3383,24188,0
3384,24189,1
3385,24190,1
3386,24191,1
3387,24192,0
3388,24193,0
3389,24194,0
3390,24195,0
3391,24196,1
3392,24197,1
3393,24198,0
3394,24199,0
3395,24200,1
3396,24201,1
3397,24202,0
3398,24203,0
3399,24204,0
3400,24205,0
3401,24206,0
3402,24207,0
3403,24208,0
3404,24209,1
3405,24210,0
3406,24211,1
3407,24212,1
3408,24213,0
3409,24214,1
3410,24215,0
3411,24216,0
3412,24217,0
3413,24218,1
3414,24219,0
3415,24220,1
3416,24221,1
3417,24222,0
3418,24223,0
3419,24224,0
3420,24225,0
3421,24226,0
3422,24227,0
3423,24228,0
3424,24229,1
3425,24230,1
3426,24231,1
3427,24232,0
3428,24233,0
3429,24234,0
3430,24235,0
3431,24236,1
3432,24237,0
3433,24238,0
3434,24239,0
3435,24240,1
3436,24241,0
3437,24242,1
3438,24243,1
3439,24244,1
3440,24245,0
3441,24246,0
3442,24247,0
3443,24248,1
3444,24249,1
3445,24250,0
3446,24251,1
3447,24252,0
3448,24253,1
3449,24254,0
3450,24255,0
3451,24256,0
3452,24257,1
3453,24258,0
3454,24259,0
3455,24260,1
3456,24261,1
3457,24262,1
3458,24263,1
3459,24264,1
3460,24265,0
3461,24266,0
3462,24267,1
3463,24268,0
3464,24269,0
3465,24270,1
3466,24271,1
3467,24272,1
3468,24273,1
3469,24274,0
3470,24275,1
3471,24276,0
3472,24277,1
3473,24278,1
3474,24279,0
3475,24280,0
3476,24281,1
3477,24282,0
3478,24283,1
3479,24284,0
3480,24285,0
3481,24286,1
3482,24287,0
3483,24288,0
3484,24289,1
3485,24290,1
3486,24291,0
3487,24292,0
3488,24293,1
3489,24294,0
3490,24295,1
3491,24296,1
3492,24297,0
3493,24298,0
3494,24299,0
3495,24300,0
3496,24301,1
3497,24302,0
3498,24303,0
3499,24304,0
3500,24305,0
3501,24306,0
3502,24307,1
3503,24308,1
3504,24309,0
3505,24310,0
3506,24311,0
3507,24312,1
3508,24313,1
3509,24314,0
3510,24315,1
3511,24316,0
3512,24317,0
3513,24318,1
3514,24319,1
3515,24320,1
3516,24321,1
3517,24322,1
3518,24323,0
3519,24324,0
3520,24325,1
3521,24326,1
3522,24327,0
3523,24328,0
3524,24329,1
3525,24330,1
3526,24331,1
3527,24332,1
3528,24333,1
3529,24334,0
3530,24335,0
3531,24336,0
3532,24337,0
3533,24338,1
3534,24339,1
3535,24340,0
3536,24341,1
3537,24342,0
3538,24343,0
3539,24344,1
3540,24345,1
3541,24346,0
3542,24347,0
3543,24348,0
3544,24349,0
3545,24350,1
3546,24351,0
3547,24352,1
3548,24353,0
3549,24354,0
3550,24355,1
3551,24356,1
3552,24357,0
3553,24358,0
3554,24359,1
3555,24360,0
3556,24361,1
3557,24362,1
3558,24363,1
3559,24364,1
3560,24365,1
3561,24366,1
3562,24367,0
3563,24368,1
3564,24369,1
3565,24370,1
3566,24371,0
3567,24372,1
3568,24373,1
3569,24374,0
3570,24375,0
3571,24376,0
3572,24377,0
3573,24378,1
3574,24379,0
3575,24380,0
3576,24381,1
3577,24382,0
3578,24383,0
3579,24384,1
3580,24385,0
3581,24386,0
3582,24387,0
3583,24388,0
3584,24389,0
3585,24390,0
3586,24391,1
3587,24392,0
3588,24393,0
3589,24394,0
3590,24395,0
3591,24396,1
3592,24397,1
3593,24398,0
3594,24399,0
3595,24400,0
3596,24401,0
3597,24402,0
3598,24403,0
3599,24404,1
3600,24405,0
3601,24406,0
3602,24407,1
3603,24408,1
3604,24409,1
3605,24410,0
3606,24411,0
3607,24412,1
3608,24413,1
3609,24414,1
3610,24415,1
3611,24416,0
3612,24417,1
3613,24418,1
3614,24419,1
3615,24420,0
3616,24421,0
3617,24422,0
3618,24423,1
3619,24424,0
3620,24425,1
3621,24426,1
3622,24427,1
3623,24428,1
3624,24429,1
3625,24430,0
3626,24431,1
3627,24432,0
3628,24433,0
3629,24434,1
3630,24435,1
3631,24436,1
3632,24437,0
3633,24438,1
3634,24439,0
3635,24440,0
3636,24441,0
3637,24442,0
3638,24443,1
3639,24444,1
3640,24445,1
3641,24446,0
3642,24447,0
3643,24448,0
3644,24449,1
3645,24450,0
3646,24451,1
3647,24452,0
3648,24453,1
3649,24454,1
3650,24455,0
3651,24456,0
3652,24457,1
3653,24458,0
3654,24459,0
3655,24460,1
3656,24461,1
3657,24462,1
3658,24463,1
3659,24464,0
3660,24465,0
3661,24466,1
3662,24467,0
3663,24468,0
3664,24469,0
3665,24470,0
3666,24471,0
3667,24472,0
3668,24473,0
3669,24474,0
3670,24475,0
3671,24476,0
3672,24477,1
3673,24478,1
3674,24479,0
3675,24480,0
3676,24481,1
3677,24482,1
3678,24483,1
3679,24484,1
3680,24485,1
3681,24486,1
3682,24487,1
3683,24488,0
3684,24489,0
3685,24490,1
3686,24491,1
3687,24492,0
3688,24493,0
3689,24494,0
3690,24495,1
3691,24496,1
3692,24497,0
3693,24498,0
3694,24499,0
3695,24500,1
3696,24501,1
3697,24502,0
3698,24503,1
3699,24504,1
3700,24505,1
3701,24506,1
3702,24507,0
3703,24508,0
3704,24509,0
3705,24510,1
3706,24511,1
3707,24512,1
3708,24513,0
3709,24514,1
3710,24515,0
3711,24516,1
3712,24517,0
3713,24518,1
3714,24519,1
3715,24520,1
3716,24521,1
3717,24522,0
3718,24523,1
3719,24524,1
3720,24525,0
3721,24526,0
3722,24527,1
3723,24528,0
3724,24529,0
3725,24530,0
3726,24531,1
3727,24532,1
3728,24533,0
3729,24534,1
3730,24535,1
3731,24536,1
3732,24537,0
3733,24538,1
3734,24539,0
3735,24540,0
3736,24541,0
3737,24542,1
3738,24543,0
3739,24544,0
3740,24545,0
3741,24546,1
3742,24547,0
3743,24548,0
3744,24549,1
3745,24550,0
3746,24551,1
3747,24552,1
3748,24553,0
3749,24554,0
3750,24555,0
3751,24556,1
3752,24557,1
3753,24558,0
3754,24559,1
3755,24560,1
3756,24561,0
3757,24562,1
3758,24563,1
3759,24564,1
3760,24565,0
3761,24566,1
3762,24567,1
3763,24568,1
3764,24569,0
3765,24570,0
3766,24571,1
3767,24572,0
3768,24573,1
3769,24574,0
3770,24575,1
3771,24576,1
3772,24577,0
3773,24578,1
3774,24579,1
3775,24580,0
3776,24581,1
3777,24582,1
3778,24583,1
3779,24584,1
3780,24585,1
3781,24586,1
3782,24587,0
3783,24588,1
3784,24589,1
3785,24590,0
3786,24591,0
3787,24592,0
3788,24593,0
3789,24594,0
3790,24595,1
3791,24596,1
3792,24597,0
3793,24598,1
3794,24599,0
3795,24600,0
3796,24601,0
3797,24602,1
3798,24603,0
3799,24604,0
3800,24605,0
3801,24606,1
3802,24607,1
3803,24608,0
3804,24609,1
3805,24610,1
3806,24611,1
3807,24612,1
3808,24613,1
3809,24614,1
3810,24615,1
3811,24616,0
3812,24617,0
3813,24618,0
3814,24619,1
3815,24620,0
3816,24621,0
3817,24622,0
3818,24623,1
3819,24624,0
3820,24625,0
3821,24626,1
3822,24627,0
3823,24628,0
3824,24629,1
3825,24630,1
3826,24631,0
3827,24632,1
3828,24633,1
3829,24634,0
3830,24635,1
3831,24636,1
3832,24637,1
3833,24638,0
3834,24639,1
3835,24640,1
3836,24641,1
3837,24642,1
3838,24643,1
3839,24644,1
3840,24645,1
3841,24646,1
3842,24647,1
3843,24648,1
3844,24649,0
3845,24650,0
3846,24651,0
3847,24652,1
3848,24653,1
3849,24654,1
3850,24655,1
3851,24656,1
3852,24657,1
3853,24658,1
3854,24659,0
3855,24660,0
3856,24661,0
3857,24662,0
3858,24663,1
3859,24664,0
3860,24665,1
3861,24666,1
3862,24667,0
3863,24668,1
3864,24669,0
3865,24670,0
3866,24671,0
3867,24672,1
3868,24673,1
3869,24674,0
3870,24675,0
3871,24676,0
3872,24677,0
3873,24678,0
3874,24679,0
3875,24680,1
3876,24681,0
3877,24682,1
3878,24683,0
3879,24684,1
3880,24685,0
3881,24686,1
3882,24687,0
3883,24688,1
3884,24689,0
3885,24690,0
3886,24691,1
3887,24692,0
3888,24693,1
3889,24694,1
3890,24695,1
3891,24696,1
3892,24697,0
3893,24698,0
3894,24699,1
3895,24700,1
3896,24701,0
3897,24702,1
3898,24703,1
3899,24704,0
3900,24705,0
3901,24706,0
3902,24707,1
3903,24708,1
3904,24709,0
3905,24710,1
3906,24711,1
3907,24712,0
3908,24713,1
3909,24714,1
3910,24715,1
3911,24716,0
3912,24717,1
3913,24718,1
3914,24719,1
3915,24720,0
3916,24721,0
3917,24722,0
3918,24723,0
3919,24724,0
3920,24725,0
3921,24726,1
3922,24727,0
3923,24728,1
3924,24729,1
3925,24730,1
3926,24731,0
3927,24732,1
3928,24733,0
3929,24734,1
3930,24735,1
3931,24736,1
3932,24737,1
3933,24738,1
3934,24739,0
3935,24740,0
3936,24741,0
3937,24742,1
3938,24743,1
3939,24744,0
3940,24745,1
3941,24746,1
3942,24747,0
3943,24748,1
3944,24749,0
3945,24750,0
3946,24751,0
3947,24752,0
3948,24753,0
3949,24754,1
3950,24755,0
3951,24756,0
3952,24757,1
3953,24758,1
3954,24759,1
3955,24760,0
3956,24761,1
3957,24762,0
3958,24763,1
3959,24764,0
3960,24765,0
3961,24766,0
3962,24767,0
3963,24768,0
3964,24769,0
3965,24770,1
3966,24771,0
3967,24772,0
3968,24773,0
3969,24774,1
3970,24775,0
3971,24776,0
3972,24777,0
3973,24778,0
3974,24779,1
3975,24780,0
3976,24781,1
3977,24782,0
3978,24783,0
3979,24784,0
3980,24785,1
3981,24786,0
3982,24787,1
3983,24788,1
3984,24789,1
3985,24790,0
3986,24791,0
3987,24792,0
3988,24793,1
3989,24794,1
3990,24795,1
3991,24796,0
3992,24797,0
3993,24798,0
3994,24799,1
3995,24800,0
3996,24801,1
3997,24802,0
3998,24803,1
3999,24804,1
4000,24805,1
4001,24806,1
4002,24807,0
4003,24808,1
4004,24809,0
4005,24810,1
4006,24811,0
4007,24812,1
4008,24813,1
4009,24814,0
4010,24815,1
4011,24816,0
4012,24817,1
4013,24818,1
4014,24819,0
4015,24820,1
4016,24821,0
4017,24822,1
4018,24823,1
4019,24824,1
4020,24825,0
4021,24826,0
4022,24827,0
4023,24828,0
4024,24829,0
4025,24830,1
4026,24831,0
4027,24832,0
4028,24833,1
4029,24834,0
4030,24835,1
4031,24836,1
4032,24837,0
4033,24838,1
4034,24839,1
4035,24840,1
4036,24841,1
4037,24842,1
4038,24843,1
4039,24844,1
4040,24845,0
4041,24846,0
4042,24847,1
4043,24848,0
4044,24849,1
4045,24850,0
4046,24851,0
4047,24852,1
4048,24853,1
4049,24854,0
4050,24855,1
4051,24856,0
4052,24857,0
4053,24858,0
4054,24859,0
4055,24860,0
4056,24861,0
4057,24862,0
4058,24863,1
4059,24864,1
4060,24865,0
4061,24866,0
4062,24867,1
4063,24868,1
4064,24869,0
4065,24870,1
4066,24871,1
4067,24872,0
4068,24873,1
4069,24874,0
4070,24875,0
4071,24876,1
4072,24877,1
4073,24878,1
4074,24879,0
4075,24880,1
4076,24881,1
4077,24882,0
4078,24883,0
4079,24884,1
4080,24885,0
4081,24886,0
4082,24887,1
4083,24888,1
4084,24889,0
4085,24890,0
4086,24891,1
4087,24892,1
4088,24893,1
4089,24894,0
4090,24895,1
4091,24896,0
4092,24897,1
4093,24898,0
4094,24899,0
4095,24900,1
4096,24901,0
4097,24902,1
4098,24903,1
4099,24904,1
4100,24905,0
4101,24906,1
4102,24907,0
4103,24908,1
4104,24909,0
4105,24910,1
4106,24911,1
4107,24912,1
4108,24913,0
4109,24914,1
4110,24915,1
4111,24916,0
4112,24917,0
4113,24918,1
4114,24919,1
4115,24920,0
4116,24921,0
4117,24922,0
4118,24923,1
4119,24924,1
4120,24925,1
4121,24926,1
4122,24927,0
4123,24928,1
4124,24929,1
4125,24930,1
4126,24931,0
4127,24932,0
4128,24933,1
4129,24934,1
4130,24935,0
4131,24936,1
4132,24937,1
4133,24938,1
4134,24939,0
4135,24940,0
4136,24941,0
4137,24942,1
4138,24943,1
4139,24944,1
4140,24945,1
4141,24946,1
4142,24947,0
4143,24948,1
4144,24949,0
4145,24950,1
4146,24951,0
4147,24952,0
4148,24953,0
4149,24954,0
4150,24955,0
4151,24956,1
4152,24957,1
4153,24958,0
4154,24959,1
4155,24960,1
4156,24961,1
4157,24962,0
4158,24963,1
4159,24964,0
4160,24965,0
4161,24966,1
4162,24967,1
4163,24968,0
4164,24969,1
4165,24970,1
4166,24971,0
4167,24972,1
4168,24973,1
4169,24974,0
4170,24975,1
4171,24976,1
4172,24977,0
4173,24978,1
4174,24979,0
4175,24980,0
4176,24981,0
4177,24982,0
4178,24983,1
4179,24984,1
4180,24985,1
4181,24986,1
4182,24987,0
4183,24988,0
4184,24989,1
4185,24990,1
4186,24991,0
4187,24992,0
4188,24993,1
4189,24994,0
4190,24995,0
4191,24996,0
4192,24997,0
4193,24998,1
4194,24999,1
4195,25000,1
4196,25001,0
4197,25002,1
4198,25003,1
4199,25004,1
4200,25005,0
4201,25006,1
4202,25007,1
4203,25008,1
4204,25009,1
4205,25010,1
4206,25011,1
4207,25012,1
4208,25013,0
4209,25014,1
4210,25015,1
4211,25016,0
4212,25017,1
4213,25018,1
4214,25019,0
4215,25020,1
4216,25021,1
4217,25022,1
4218,25023,0
4219,25024,1
4220,25025,1
4221,25026,0
4222,25027,1
4223,25028,1
4224,25029,0
4225,25030,0
4226,25031,1
4227,25032,0
4228,25033,0
4229,25034,0
4230,25035,1
4231,25036,0
4232,25037,0
4233,25038,1
4234,25039,0
4235,25040,0
4236,25041,0
4237,25042,1
4238,25043,0
4239,25044,0
4240,25045,1
4241,25046,1
4242,25047,1
4243,25048,0
4244,25049,1
4245,25050,1
4246,25051,1
4247,25052,0
4248,25053,0
4249,25054,1
4250,25055,1
4251,25056,1
4252,25057,1
4253,25058,0
4254,25059,1
4255,25060,0
4256,25061,1
4257,25062,1
4258,25063,0
4259,25064,1
4260,25065,1
4261,25066,1
4262,25067,1
4263,25068,1
4264,25069,1
4265,25070,0
4266,25071,1
4267,25072,0
4268,25073,0
4269,25074,1
4270,25075,0
4271,25076,0
4272,25077,1
4273,25078,0
4274,25079,0
4275,25080,0
4276,25081,1
4277,25082,0
4278,25083,0
4279,25084,1
4280,25085,0
4281,25086,1
4282,25087,1
4283,25088,1
4284,25089,0
4285,25090,1
4286,25091,0
4287,25092,1
4288,25093,1
4289,25094,1
4290,25095,1
4291,25096,1
4292,25097,1
4293,25098,0
4294,25099,0
4295,25100,1
4296,25101,1
4297,25102,1
4298,25103,0
4299,25104,1
4300,25105,0
4301,25106,0
4302,25107,0
4303,25108,1
4304,25109,1
4305,25110,0
4306,25111,1
4307,25112,0
4308,25113,0
4309,25114,1
4310,25115,0
4311,25116,0
4312,25117,1
4313,25118,1
4314,25119,0
4315,25120,0
4316,25121,1
4317,25122,0
4318,25123,1
4319,25124,1
4320,25125,1
4321,25126,1
4322,25127,1
4323,25128,0
4324,25129,0
4325,25130,1
4326,25131,1
4327,25132,0
4328,25133,0
4329,25134,1
4330,25135,0
4331,25136,0
4332,25137,0
4333,25138,1
4334,25139,1
4335,25140,0
4336,25141,0
4337,25142,0
4338,25143,1
4339,25144,1
4340,25145,1
4341,25146,1
4342,25147,0
4343,25148,0
4344,25149,1
4345,25150,0
4346,25151,0
4347,25152,1
4348,25153,0
4349,25154,1
4350,25155,0
4351,25156,0
4352,25157,0
4353,25158,1
4354,25159,0
4355,25160,0
4356,25161,1
4357,25162,0
4358,25163,0
4359,25164,1
4360,25165,0
4361,25166,0
4362,25167,0
4363,25168,0
4364,25169,1
4365,25170,1
4366,25171,0
4367,25172,1
4368,25173,0
4369,25174,1
4370,25175,0
4371,25176,0
4372,25177,1
4373,25178,1
4374,25179,1
4375,25180,1
4376,25181,1
4377,25182,1
4378,25183,1
4379,25184,1
4380,25185,1
4381,25186,1
4382,25187,0
4383,25188,1
4384,25189,0
4385,25190,0
4386,25191,1
4387,25192,1
4388,25193,1
4389,25194,1
4390,25195,1
4391,25196,0
4392,25197,1
4393,25198,1
4394,25199,1
4395,25200,0
4396,25201,1
4397,25202,1
4398,25203,0
4399,25204,1
4400,25205,1
4401,25206,0
4402,25207,0
4403,25208,1
4404,25209,0
4405,25210,0
4406,25211,0
4407,25212,1
4408,25213,1
4409,25214,1
4410,25215,0
4411,25216,0
4412,25217,0
4413,25218,1
4414,25219,0
4415,25220,0
4416,25221,1
4417,25222,1
4418,25223,1
4419,25224,1
4420,25225,0
4421,25226,1
4422,25227,0
4423,25228,0
4424,25229,1
4425,25230,0
4426,25231,0
4427,25232,0
4428,25233,0
4429,25234,1
4430,25235,1
4431,25236,1
4432,25237,1
4433,25238,1
4434,25239,1
4435,25240,1
4436,25241,0
4437,25242,0
4438,25243,1
4439,25244,0
4440,25245,0
4441,25246,1
4442,25247,0
4443,25248,1
4444,25249,1
4445,25250,1
4446,25251,1
4447,25252,1
4448,25253,0
4449,25254,0
4450,25255,1
4451,25256,1
4452,25257,1
4453,25258,1
4454,25259,0
4455,25260,0
4456,25261,1
4457,25262,0
4458,25263,1
4459,25264,0
4460,25265,1
4461,25266,1
4462,25267,1
4463,25268,0
4464,25269,1
4465,25270,0
4466,25271,0
4467,25272,1
4468,25273,1
4469,25274,0
4470,25275,1
4471,25276,0
4472,25277,1
4473,25278,1
4474,25279,0
4475,25280,1
4476,25281,1
4477,25282,1
4478,25283,0
4479,25284,1
4480,25285,0
4481,25286,0
4482,25287,0
4483,25288,1
4484,25289,0
4485,25290,0
4486,25291,1
4487,25292,0
4488,25293,0
4489,25294,0
4490,25295,0
4491,25296,1
4492,25297,1
4493,25298,1
4494,25299,1
4495,25300,0
4496,25301,0
4497,25302,0
4498,25303,0
4499,25304,0
4500,25305,0
4501,25306,1
4502,25307,1
4503,25308,0
4504,25309,0
4505,25310,1
4506,25311,0
4507,25312,0
4508,25313,1
4509,25314,1
4510,25315,1
4511,25316,0
4512,25317,1
4513,25318,1
4514,25319,1
4515,25320,0
4516,25321,1
4517,25322,0
4518,25323,1
4519,25324,0
4520,25325,1
4521,25326,0
4522,25327,0
4523,25328,0
4524,25329,0
4525,25330,1
4526,25331,0
4527,25332,1
4528,25333,0
4529,25334,1
4530,25335,1
4531,25336,1
4532,25337,1
4533,25338,0
4534,25339,1
4535,25340,0
4536,25341,1
4537,25342,0
4538,25343,0
4539,25344,1
4540,25345,1
4541,25346,1
4542,25347,1
4543,25348,0
4544,25349,1
4545,25350,1
4546,25351,0
4547,25352,0
4548,25353,1
4549,25354,1
4550,25355,1
4551,25356,0
4552,25357,0
4553,25358,1
4554,25359,1
4555,25360,1
4556,25361,1
4557,25362,0
4558,25363,1
4559,25364,0
4560,25365,1
4561,25366,0
4562,25367,1
4563,25368,0
4564,25369,0
4565,25370,0
4566,25371,1
4567,25372,0
4568,25373,1
4569,25374,0
4570,25375,1
4571,25376,0
4572,25377,1
4573,25378,0
4574,25379,0
4575,25380,1
4576,25381,0
4577,25382,1
4578,25383,1
4579,25384,0
4580,25385,0
4581,25386,1
4582,25387,1
4583,25388,0
4584,25389,1
4585,25390,0
4586,25391,0
4587,25392,1
4588,25393,1
4589,25394,0
4590,25395,1
4591,25396,1
4592,25397,1
4593,25398,0
4594,25399,0
4595,25400,1
4596,25401,1
4597,25402,1
4598,25403,1
4599,25404,1
4600,25405,1
4601,25406,1
4602,25407,0
4603,25408,0
4604,25409,1
4605,25410,1
4606,25411,0
4607,25412,0
4608,25413,1
4609,25414,0
4610,25415,1
4611,25416,0
4612,25417,0
4613,25418,0
4614,25419,0
4615,25420,1
4616,25421,1
4617,25422,0
4618,25423,0
4619,25424,1
4620,25425,0
4621,25426,1
4622,25427,1
4623,25428,1
4624,25429,1
4625,25430,1
4626,25431,1
4627,25432,0
4628,25433,0
4629,25434,0
4630,25435,1
4631,25436,0
4632,25437,1
4633,25438,1
4634,25439,0
4635,25440,1
4636,25441,0
4637,25442,0
4638,25443,1
4639,25444,0
4640,25445,1
4641,25446,0
4642,25447,1
4643,25448,0
4644,25449,0
4645,25450,1
4646,25451,1
4647,25452,0
4648,25453,1
4649,25454,0
4650,25455,0
4651,25456,0
4652,25457,1
4653,25458,1
4654,25459,1
4655,25460,0
4656,25461,1
4657,25462,0
4658,25463,0
4659,25464,1
4660,25465,0
4661,25466,1
4662,25467,0
4663,25468,1
4664,25469,0
4665,25470,1
4666,25471,1
4667,25472,0
4668,25473,0
4669,25474,1
4670,25475,1
4671,25476,0
4672,25477,1
4673,25478,0
4674,25479,0
4675,25480,1
4676,25481,1
4677,25482,1
4678,25483,1
4679,25484,0
4680,25485,1
4681,25486,1
4682,25487,1
4683,25488,0
4684,25489,0
4685,25490,0
4686,25491,1
4687,25492,1
4688,25493,0
4689,25494,0
4690,25495,1
4691,25496,1
4692,25497,1
4693,25498,1
4694,25499,1
4695,25500,0
4696,25501,0
4697,25502,1
4698,25503,1
4699,25504,0
4700,25505,1
4701,25506,1
4702,25507,1
4703,25508,1
4704,25509,0
4705,25510,1
4706,25511,1
4707,25512,1
4708,25513,1
4709,25514,0
4710,25515,0
4711,25516,1
4712,25517,0
4713,25518,0
4714,25519,1
4715,25520,1
4716,25521,0
4717,25522,1
4718,25523,0
4719,25524,1
4720,25525,0
4721,25526,1
4722,25527,0
4723,25528,0
4724,25529,0
4725,25530,0
4726,25531,0
4727,25532,1
4728,25533,0
4729,25534,1
4730,25535,1
4731,25537,0
4732,25538,1
4733,25539,0
4734,25540,1
4735,25541,1
4736,25542,0
4737,25543,1
4738,25544,1
4739,25545,0
4740,25546,1
4741,25547,1
4742,25548,0
4743,25549,1
4744,25550,0
4745,25551,1
4746,25552,0
4747,25553,0
4748,25554,0
4749,25555,0
4750,25556,1
4751,25557,0
4752,25558,1
4753,25559,1
4754,25560,0
4755,25561,1
4756,25562,1
4757,25563,0
4758,25564,0
4759,25565,1
4760,25566,1
4761,25567,0
4762,25568,1
4763,25569,1
4764,25570,1
4765,25571,0
4766,25572,1
4767,25573,1
4768,25574,0
4769,25575,1
4770,25576,1
4771,25577,1
4772,25578,0
4773,25579,1
4774,25580,0
4775,25581,1
4776,25582,0
4777,25583,1
4778,25584,1
4779,25585,0
4780,25586,0
4781,25587,1
4782,25588,0
4783,25589,0
4784,25590,0
4785,25591,1
4786,25592,1
4787,25593,0
4788,25594,0
4789,25595,1
4790,25596,0
4791,25597,1
4792,25598,1
4793,25599,0
4794,25600,1
4795,25601,1
4796,25602,0
4797,25603,1
4798,25604,0
4799,25605,0
4800,25606,0
4801,25607,0
4802,25608,1
4803,25609,1
4804,25610,0
4805,25611,1
4806,25612,1
4807,25613,0
4808,25614,1
4809,25615,1
4810,25616,1
4811,25617,0
4812,25618,0
4813,25619,0
4814,25620,1
4815,25621,0
4816,25622,1
4817,25623,1
4818,25624,1
4819,25625,1
4820,25626,1
4821,25627,1
4822,25628,0
4823,25629,0
4824,25630,1
4825,25631,1
4826,25632,1
4827,25633,1
4828,25634,1
4829,25635,1
4830,25636,0
4831,25637,0
4832,25638,0
4833,25639,1
4834,25640,1
4835,25641,0
4836,25642,0
4837,25643,1
4838,25644,0
4839,25645,1
4840,25646,0
4841,25647,0
4842,25648,0
4843,25649,1
4844,25650,0
4845,25651,0
4846,25652,0
4847,25653,1
4848,25654,0
4849,25655,1
4850,25656,1
4851,25657,0
4852,25658,1
4853,25659,0
4854,25660,0
4855,25661,0
4856,25662,1
4857,25663,1
4858,25664,0
4859,25665,0
4860,25666,1
4861,25667,0
4862,25668,0
4863,25669,0
4864,25670,0
4865,25671,0
4866,25672,1
4867,25673,1
4868,25674,0
4869,25675,0
4870,25676,0
4871,25677,0
4872,25678,1
4873,25679,0
4874,25680,0
4875,25681,1
4876,25682,1
4877,25683,0
4878,25684,0
4879,25685,1
4880,25686,1
4881,25687,0
4882,25688,1
4883,25689,0
4884,25690,0
4885,25691,0
4886,25692,0
4887,25693,1
4888,25694,1
4889,25695,1
4890,25696,0
4891,25697,1
4892,25698,0
4893,25699,1
4894,25700,1
4895,25701,0
4896,25702,1
4897,25703,1
4898,25704,0
4899,25705,0
4900,25706,1
4901,25707,0
4902,25708,1
4903,25709,1
4904,25710,1
4905,25711,1
4906,25712,1
4907,25713,0
4908,25714,1
4909,25715,1
4910,25716,0
4911,25717,1
4912,25718,1
4913,25719,0
4914,25720,1
4915,25721,0
4916,25722,0
4917,25723,0
4918,25724,1
4919,25725,1
4920,25726,1
4921,25727,0
4922,25728,0
4923,25729,1
4924,25730,1
4925,25731,1
4926,25732,1
4927,25733,0
4928,25734,1
4929,25735,0
4930,25736,0
4931,25737,1
4932,25738,0
4933,25739,1
4934,25740,1
4935,25741,0
4936,25742,0
4937,25743,1
4938,25744,0
4939,25745,0
4940,25746,0
4941,25747,1
4942,25748,0
4943,25749,0
4944,25750,1
4945,25751,1
4946,25752,1
4947,25753,1
4948,25754,0
4949,25755,1
4950,25756,1
4951,25757,1
4952,25758,0
4953,25759,0
4954,25760,0
4955,25761,1
4956,25762,1
4957,25763,1
4958,25764,1
4959,25765,0
4960,25766,0
4961,25767,1
4962,25768,1
4963,25769,1
4964,25770,0
4965,25771,0
4966,25772,1
4967,25773,0
4968,25774,0
4969,25775,0
4970,25776,0
4971,25777,0
4972,25778,0
4973,25779,0
4974,25780,1
4975,25781,0
4976,25782,1
4977,25783,1
4978,25784,0
4979,25785,0
4980,25786,0
4981,25787,1
4982,25788,0
4983,25789,1
4984,25790,0
4985,25791,1
4986,25792,0
4987,25793,1
4988,25794,0
4989,25795,0
4990,25796,0
4991,25797,1
4992,25798,0
4993,25799,1
4994,25800,1
4995,25801,0
4996,25802,1
4997,25803,0
4998,25804,0
4999,25805,0
5000,25806,0
5001,25807,1
5002,25808,1
5003,25809,0
5004,25810,1
5005,25811,1
5006,25812,0
5007,25813,0
5008,25814,1
5009,25815,1
5010,25816,0
5011,25817,1
5012,25818,1
5013,25819,1
5014,25820,1
5015,25821,1
5016,25822,1
5017,25823,0
5018,25824,1
5019,25825,1
5020,25826,1
5021,25827,0
5022,25828,0
5023,25829,0
5024,25830,0
5025,25831,1
5026,25832,0
5027,25833,0
5028,25834,0
5029,25835,0
5030,25836,1
5031,25837,0
5032,25838,0
5033,25839,0
5034,25840,0
5035,25841,0
5036,25842,0
5037,25843,1
5038,25844,1
5039,25845,1
5040,25846,1
5041,25847,0
5042,25848,0
5043,25849,1
5044,25850,1
5045,25851,0
5046,25852,1
5047,25853,1
5048,25854,1
5049,25855,0
5050,25856,0
5051,25857,1
5052,25858,0
5053,25859,0
5054,25860,0
5055,25861,1
5056,25862,0
5057,25863,1
5058,25864,0
5059,25865,0
5060,25866,1
5061,25867,1
5062,25868,0
5063,25869,1
5064,25870,0
5065,25871,1
5066,25872,0
5067,25873,1
5068,25874,1
5069,25875,1
5070,25876,0
5071,25877,0
5072,25878,0
5073,25879,1
5074,25880,0
5075,25881,0
5076,25882,0
5077,25883,0
5078,25884,0
5079,25885,1
5080,25886,0
5081,25887,1
5082,25888,1
5083,25889,0
5084,25890,1
5085,25891,1
5086,25893,1
5087,25894,0
5088,25895,1
5089,25896,1
5090,25897,0
5091,25898,1
5092,25899,1
5093,25900,1
5094,25901,0
5095,25902,1
5096,25903,0
5097,25904,0
5098,25905,1
5099,25906,0
5100,25907,0
5101,25908,1
5102,25909,1
5103,25910,0
5104,25911,0
5105,25912,1
5106,25913,1
5107,25914,0
5108,25915,1
5109,25916,1
5110,25917,1
5111,25918,1
5112,25919,1
5113,25920,1
5114,25921,1
5115,25922,1
5116,25923,1
5117,25924,0
5118,25925,1
5119,25926,0
5120,25927,1
5121,25928,0
5122,25929,1
5123,25930,0
5124,25931,0
5125,25932,1
5126,25933,0
5127,25934,1
5128,25935,1
5129,25936,1
5130,25937,1
5131,25938,0
5132,25939,0
5133,25940,1
5134,25941,1
5135,25942,0
5136,25943,1
5137,25944,1
5138,25945,1
5139,25946,1
5140,25947,1
5141,25948,0
5142,25949,0
5143,25950,1
5144,25951,1
5145,25952,1
5146,25953,0
5147,25954,1
5148,25955,0
5149,25956,0
5150,25957,0
5151,25958,1
5152,25959,0
5153,25960,0
5154,25961,1
5155,25962,0
5156,25963,1
5157,25964,1
5158,25965,1
5159,25966,0
5160,25967,1
5161,25968,0
5162,25969,1
5163,25970,1
5164,25971,0
5165,25972,1
5166,25973,0
5167,25974,1
5168,25975,0
5169,25976,0
5170,25977,0
5171,25978,0
5172,25979,0
5173,25980,0
5174,25981,1
5175,25982,0
5176,25983,0
5177,25984,0
5178,25985,0
5179,25986,1
5180,25987,0
5181,25988,0
5182,25989,1
5183,25990,0
5184,25991,0
5185,25992,1
5186,25993,0
5187,25994,0
5188,25995,0
5189,25996,0
5190,25997,0
5191,25998,1
5192,25999,0
